"Año","Poblacion","log_natural","log_base10"
1750,125,4.8283137373023,2.09691001300806
1800,187,5.23110861685459,2.2718416065365
1850,274,5.61312810638807,2.43775056282039
1900,423,6.04737217904628,2.62634036737504
1950,594,6.38687931936265,2.77378644498119
