"Densidad_siembra","Rendimiento","Promedio"
30000,10.1,8.8
30000,7.6,8.8
30000,7.9,8.8
30000,9.6,8.8
40000,11.2,9.625
40000,8.1,9.625
40000,9.1,9.625
40000,10.1,9.625
50000,11.1,9.825
50000,8.7,9.825
50000,9.4,9.825
50000,10.1,9.825
60000,9.1,9.63333333333333
60000,9.3,9.63333333333333
60000,10.5,9.63333333333333
70000,8,9.05
70000,10.1,9.05
